,guss_udr_ms,wind_gust0,wind_gust1,wind_gust2,wind_gust3
guss_udr_ms,1.0,0.6391024971057558,0.6358245946296914,0.6164168177737319,0.6153561139788626
wind_gust0,0.6391024971057558,1.0,0.9470039495748652,0.9300732094085981,0.8876191622038128
wind_gust1,0.6358245946296914,0.9470039495748652,1.0,0.9254943440021605,0.9300141905284093
wind_gust2,0.6164168177737319,0.9300732094085981,0.9254943440021605,1.0,0.9636416800086821
wind_gust3,0.6153561139788626,0.8876191622038128,0.9300141905284093,0.9636416800086821,1.0
